[
  { "typeCode": 1, "name": "1_Entity", "logicalName": "Entity" },
  { "typeCode": 2, "name": "2_Attribute", "logicalName": "Attribute" },
  { "typeCode": 3, "name": "3_Relationship", "logicalName": "Relationship" },
  { "typeCode": 4, "name": "4_AttributePicklistValue", "logicalName": "AttributePicklistValue" },
  { "typeCode": 5, "name": "5_AttributeLookupValue", "logicalName": "AttributeLookupValue" },
  { "typeCode": 6, "name": "6_ViewAttribute", "logicalName": "ViewAttribute" },
  { "typeCode": 7, "name": "7_LocalizedLabel", "logicalName": "LocalizedLabel" },
  { "typeCode": 8, "name": "8_RelationshipExtraCondition", "logicalName": "RelationshipExtraCondition" },
  { "typeCode": 9, "name": "9_OptionSet", "logicalName": "OptionSet" },
  { "typeCode": 10, "name": "10_EntityRelationship", "logicalName": "EntityRelationship" },
  { "typeCode": 11, "name": "11_EntityRelationshipRole", "logicalName": "EntityRelationshipRole" },
  { "typeCode": 12, "name": "12_EntityRelationshipRelationships", "logicalName": "EntityRelationshipRelationships" },
  { "typeCode": 13, "name": "13_ManagedProperty", "logicalName": "ManagedProperty" },
  { "typeCode": 14, "name": "14_EntityKey", "logicalName": "EntityKey" },
  { "typeCode": 16, "name": "16_Privilege", "logicalName": "Privilege" },
  { "typeCode": 17, "name": "17_PrivilegeObjectTypeCode", "logicalName": "PrivilegeObjectTypeCode" },
  { "typeCode": 18, "name": "18_Index", "logicalName": "Index" },
  { "typeCode": 20, "name": "20_Role", "logicalName": "Role" },
  { "typeCode": 21, "name": "21_RolePrivilege", "logicalName": "RolePrivilege" },
  { "typeCode": 22, "name": "22_DisplayString", "logicalName": "DisplayString" },
  { "typeCode": 23, "name": "23_DisplayStringMap", "logicalName": "DisplayStringMap" },
  { "typeCode": 24, "name": "24_Form", "logicalName": "Form" },
  { "typeCode": 25, "name": "25_Organization", "logicalName": "Organization" },
  { "typeCode": 26, "name": "26_SavedQuery", "logicalName": "SavedQuery" },
  { "typeCode": 27, "name": "27_AppModule", "logicalName": "AppModule" },
  { "typeCode": 29, "name": "29_Workflow", "logicalName": "Workflow" },
  { "typeCode": 31, "name": "31_Report", "logicalName": "Report" },
  { "typeCode": 32, "name": "32_ReportEntity", "logicalName": "ReportEntity" },
  { "typeCode": 33, "name": "33_ReportCategory", "logicalName": "ReportCategory" },
  { "typeCode": 34, "name": "34_ReportVisibility", "logicalName": "ReportVisibility" },
  { "typeCode": 35, "name": "35_Attachment", "logicalName": "Attachment" },
  { "typeCode": 36, "name": "36_EmailTemplate", "logicalName": "EmailTemplate" },
  { "typeCode": 37, "name": "37_ContractTemplate", "logicalName": "ContractTemplate" },
  { "typeCode": 38, "name": "38_KBArticleTemplate", "logicalName": "KBArticleTemplate" },
  { "typeCode": 39, "name": "39_MailMergeTemplate", "logicalName": "MailMergeTemplate" },
  { "typeCode": 44, "name": "44_DuplicateRule", "logicalName": "DuplicateRule" },
  { "typeCode": 45, "name": "45_DuplicateRuleCondition", "logicalName": "DuplicateRuleCondition" },
  { "typeCode": 46, "name": "46_EntityMap", "logicalName": "EntityMap" },
  { "typeCode": 47, "name": "47_AttributeMap", "logicalName": "AttributeMap" },
  { "typeCode": 48, "name": "48_RibbonCommand", "logicalName": "RibbonCommand" },
  { "typeCode": 49, "name": "49_RibbonContextGroup", "logicalName": "RibbonContextGroup" },
  { "typeCode": 50, "name": "50_RibbonCustomization", "logicalName": "RibbonCustomization" },
  { "typeCode": 52, "name": "52_RibbonRule", "logicalName": "RibbonRule" },
  { "typeCode": 53, "name": "53_RibbonTabToCommandMap", "logicalName": "RibbonTabToCommandMap" },
  { "typeCode": 55, "name": "55_RibbonDiff", "logicalName": "RibbonDiff" },
  { "typeCode": 59, "name": "59_SavedQueryVisualization", "logicalName": "SavedQueryVisualization" },
  { "typeCode": 60, "name": "60_SystemForm", "logicalName": "SystemForm" },
  { "typeCode": 61, "name": "61_WebResource", "logicalName": "WebResource" },
  { "typeCode": 62, "name": "62_SiteMap", "logicalName": "SiteMap" },
  { "typeCode": 63, "name": "63_ConnectionRole", "logicalName": "ConnectionRole" },
  { "typeCode": 64, "name": "64_ComplexControl", "logicalName": "ComplexControl" },
  { "typeCode": 65, "name": "65_HierarchyRule", "logicalName": "HierarchyRule" },
  { "typeCode": 66, "name": "66_CustomControl", "logicalName": "CustomControl" },
  { "typeCode": 68, "name": "68_CustomControlDefaultConfig", "logicalName": "CustomControlDefaultConfig" },
  { "typeCode": 70, "name": "70_FieldSecurityProfile", "logicalName": "FieldSecurityProfile" },
  { "typeCode": 71, "name": "71_FieldPermission", "logicalName": "FieldPermission" },
  { "typeCode": 90, "name": "90_PluginType", "logicalName": "PluginType" },
  { "typeCode": 91, "name": "91_PluginAssembly", "logicalName": "PluginAssembly" },
  { "typeCode": 92, "name": "92_SDKMessageProcessingStep", "logicalName": "SDKMessageProcessingStep" },
  { "typeCode": 93, "name": "93_SDKMessageProcessingStepImage", "logicalName": "SDKMessageProcessingStepImage" },
  { "typeCode": 95, "name": "95_ServiceEndpoint", "logicalName": "ServiceEndpoint" },
  { "typeCode": 150, "name": "150_RoutingRule", "logicalName": "RoutingRule" },
  { "typeCode": 151, "name": "151_RoutingRuleItem", "logicalName": "RoutingRuleItem" },
  { "typeCode": 152, "name": "152_SLA", "logicalName": "SLA" },
  { "typeCode": 153, "name": "153_SLAItem", "logicalName": "SLAItem" },
  { "typeCode": 154, "name": "154_ConvertRule", "logicalName": "ConvertRule" },
  { "typeCode": 155, "name": "155_ConvertRuleItem", "logicalName": "ConvertRuleItem" },
  { "typeCode": 161, "name": "161_MobileOfflineProfile", "logicalName": "MobileOfflineProfile" },
  { "typeCode": 162, "name": "162_MobileOfflineProfileItem", "logicalName": "MobileOfflineProfileItem" },
  { "typeCode": 165, "name": "165_SimilarityRule", "logicalName": "SimilarityRule" },
  { "typeCode": 166, "name": "166_DataSourceMapping", "logicalName": "DataSourceMapping" },
  { "typeCode": 201, "name": "201_SDKMessage", "logicalName": "SDKMessage" },
  { "typeCode": 202, "name": "202_SDKMessageFilter", "logicalName": "SDKMessageFilter" },
  { "typeCode": 203, "name": "203_SdkMessagePair", "logicalName": "SdkMessagePair" },
  { "typeCode": 204, "name": "204_SdkMessageRequest", "logicalName": "SdkMessageRequest" },
  { "typeCode": 205, "name": "205_SdkMessageRequestField", "logicalName": "SdkMessageRequestField" },
  { "typeCode": 206, "name": "206_SdkMessageResponse", "logicalName": "SdkMessageResponse" },
  { "typeCode": 207, "name": "207_SdkMessageResponseField", "logicalName": "SdkMessageResponseField" },
  { "typeCode": 208, "name": "208_ImportMap", "logicalName": "ImportMap" },
  { "typeCode": 210, "name": "210_WebWizard", "logicalName": "WebWizard" },
  { "typeCode": 300, "name": "300_CanvasApp", "logicalName": "CanvasApp" },
  { "typeCode": 371, "name": "371_Connector", "logicalName": "Connector" },
  { "typeCode": 372, "name": "372_Connector1", "logicalName": "Connector1" },
  { "typeCode": 380, "name": "380_EnvironmentVariableDefinition", "logicalName": "EnvironmentVariableDefinition" },
  { "typeCode": 381, "name": "381_EnvironmentVariableValue", "logicalName": "EnvironmentVariableValue" },
  { "typeCode": 400, "name": "400_AIProjectType", "logicalName": "AIProjectType" },
  { "typeCode": 401, "name": "401_AIProject", "logicalName": "AIProject" },
  { "typeCode": 402, "name": "402_AIConfiguration", "logicalName": "AIConfiguration" },
  { "typeCode": 430, "name": "430_EntityAnalyticsConfiguration", "logicalName": "EntityAnalyticsConfiguration" },
  { "typeCode": 431, "name": "431_AttributeImageConfiguration", "logicalName": "AttributeImageConfiguration" },
  { "typeCode": 432, "name": "432_EntityImageConfiguration", "logicalName": "EntityImageConfiguration" }
]
